timestamp,level,category,test,details
2025-09-16T15:12:19.710Z,PASS,config,client_config_exists,"Firebase client configuration file found"
2025-09-16T15:12:19.710Z,PASS,client,auth_import,"Firebase Auth properly imported"
2025-09-16T15:12:19.710Z,PASS,client,app_initialization,"Firebase app properly initialized"
2025-09-16T15:12:19.710Z,PASS,client,env_variables,"Environment variables used for configuration"
2025-09-16T15:12:19.710Z,WARN,client,auth_persistence,"No explicit auth persistence configuration"
2025-09-16T15:12:19.710Z,PASS,client,error_handling,"Error handling implemented"
2025-09-16T15:12:19.711Z,PASS,config,admin_config_exists,"Firebase Admin configuration file found"
2025-09-16T15:12:19.712Z,PASS,admin,admin_import,"Firebase Admin Auth properly imported"
2025-09-16T15:12:19.712Z,PASS,admin,admin_initialization,"Firebase Admin properly initialized"
2025-09-16T15:12:19.712Z,PASS,admin,service_account,"Service account configuration found"
2025-09-16T15:12:19.712Z,WARN,admin,custom_claims,"No custom claims functionality found"
2025-09-16T15:12:19.712Z,WARN,admin,user_management,"No user management functions found"
2025-09-16T15:12:19.712Z,PASS,config,session_validation_exists,"Session validation implementation found"
2025-09-16T15:12:19.713Z,PASS,session,token_verification,"Token verification implemented"
2025-09-16T15:12:19.713Z,PASS,session,expiry_handling,"Session expiry handling implemented"
2025-09-16T15:12:19.713Z,WARN,session,role_validation,"No user role validation found"
2025-09-16T15:12:19.713Z,PASS,session,error_handling,"Session validation error handling implemented"
2025-09-16T15:12:19.713Z,PASS,env,env_template,"Environment variable template found"
2025-09-16T15:12:19.713Z,PASS,env,env_security,"Environment files properly gitignored"
2025-09-16T15:12:19.714Z,WARN,env,next_public_firebase_api_key,"Environment variable NEXT_PUBLIC_FIREBASE_API_KEY not set"
2025-09-16T15:12:19.714Z,WARN,env,next_public_firebase_auth_domain,"Environment variable NEXT_PUBLIC_FIREBASE_AUTH_DOMAIN not set"
2025-09-16T15:12:19.714Z,WARN,env,next_public_firebase_project_id,"Environment variable NEXT_PUBLIC_FIREBASE_PROJECT_ID not set"
2025-09-16T15:12:19.714Z,WARN,env,firebase_admin_private_key,"Environment variable FIREBASE_ADMIN_PRIVATE_KEY not set"
2025-09-16T15:12:19.714Z,WARN,env,firebase_admin_client_email,"Environment variable FIREBASE_ADMIN_CLIENT_EMAIL not set"
2025-09-16T15:12:19.714Z,WARN,env,firebase_admin_project_id,"Environment variable FIREBASE_ADMIN_PROJECT_ID not set"
2025-09-16T15:12:19.714Z,PASS,auth_flow,login_page_exists,"Login page found"
2025-09-16T15:12:19.716Z,PASS,login,email_password_auth,"Email/password authentication implemented"
2025-09-16T15:12:19.716Z,WARN,login,social_auth,"No social authentication found"
2025-09-16T15:12:19.716Z,WARN,login,anonymous_auth,"No anonymous authentication - consider for privacy-conscious users"
2025-09-16T15:12:19.716Z,PASS,login,input_validation,"Input validation implemented"
2025-09-16T15:12:19.716Z,PASS,login,error_handling,"Error handling implemented"
2025-09-16T15:12:19.716Z,PASS,login,loading_states,"Loading states implemented"
2025-09-16T15:12:19.716Z,PASS,login,accessibility,"Accessibility features implemented"
2025-09-16T15:12:19.716Z,PASS,login,trauma_informed_design,"Trauma-informed design elements found"
2025-09-16T15:12:19.716Z,PASS,auth_flow,signup_page_exists,"Signup page found"
2025-09-16T15:12:19.717Z,PASS,signup,user_registration,"User registration implemented"
2025-09-16T15:12:19.717Z,PASS,signup,age_verification,"Age verification implemented (COPPA compliance)"
2025-09-16T15:12:19.717Z,PASS,signup,parental_consent,"Parental consent features found"
2025-09-16T15:12:19.717Z,PASS,signup,privacy_consent,"Privacy policy/terms acceptance implemented"
2025-09-16T15:12:19.717Z,WARN,signup,email_verification,"No email verification found"
2025-09-16T15:12:19.717Z,WARN,signup,password_strength,"No password strength requirements found"
2025-09-16T15:12:19.717Z,WARN,signup,data_minimization,"No explicit data minimization principles"
2025-09-16T15:12:19.718Z,FAIL,auth_flow,password_reset,"No password reset functionality found"
2025-09-16T15:12:19.797Z,PASS,auth_flow,email_verification,"Email verification implementation found"
2025-09-16T15:12:19.805Z,PASS,auth_flow,logout_function,"Logout functionality found"
2025-09-16T15:12:19.805Z,WARN,auth_flow,session_cleanup,"No explicit session cleanup found"
2025-09-16T15:12:19.805Z,PASS,auth_flow,middleware_exists,"Authentication middleware found"
2025-09-16T15:12:19.805Z,PASS,middleware,auth_checks,"Authentication checks in middleware"
2025-09-16T15:12:19.805Z,PASS,middleware,redirect_logic,"Redirect logic implemented"
2025-09-16T15:12:19.806Z,WARN,middleware,protected_paths,"No protected paths configured"
2025-09-16T15:12:19.806Z,PASS,protected_routes,dashboard_protection,"dashboard route has auth protection"
2025-09-16T15:12:19.806Z,PASS,protected_routes,journal_protection,"journal route has auth protection"
2025-09-16T15:12:19.806Z,PASS,protected_routes,journals_protection,"journals route has auth protection"
2025-09-16T15:12:19.806Z,INFO,protected_routes,routes_count,"Found 3 potentially protected routes"
2025-09-16T15:12:19.956Z,PASS,coppa,implementation_found,"COPPA compliance implementation found"
2025-09-16T15:12:20.066Z,PASS,coppa,age_gate,"Age gate implementation found"
2025-09-16T15:12:20.097Z,PASS,ferpa,implementation_found,"FERPA compliance implementation found"
2025-09-16T15:12:20.100Z,PASS,age_verification,signup_integration,"Age verification integrated in signup flow"
2025-09-16T15:12:20.131Z,PASS,parental_consent,implementation,"Parental consent implementation found"
2025-09-16T15:12:20.156Z,PASS,data_minimization,practices,"Found 2 data minimization practices"
2025-09-16T15:12:20.160Z,PASS,trauma_informed,design_elements,"Found 24 trauma-informed design elements"
2025-09-16T15:12:20.177Z,PASS,privacy_first,anonymous_auth,"Anonymous authentication available"
2025-09-16T15:12:20.178Z,PASS,privacy_first,privacy_policy,"Privacy policy document found"
2025-09-16T15:12:20.182Z,PASS,accessibility,features,"Found 15 accessibility features"
2025-09-16T15:12:20.185Z,PASS,crisis_support,integration,"Crisis support integration found"